"","feature","group"
"1","hxb2.97.E.1mer","vrc01"
"2","hxb2.97.K.1mer","vrc01"
"3","hxb2.97.N.1mer","vrc01"
"4","hxb2.97.R.1mer","vrc01"
"5","hxb2.124.F.1mer","vrc01"
"6","hxb2.124.P.1mer","vrc01"
"7","hxb2.198.A.1mer","vrc01"
"8","hxb2.198.S.1mer","vrc01"
"9","hxb2.198.T.1mer","vrc01"
"10","hxb2.198.V.1mer","vrc01"
"11","hxb2.276.D.1mer","vrc01"
"12","hxb2.276.K.1mer","vrc01"
"13","hxb2.276.N.1mer","vrc01"
"14","hxb2.276.S.1mer","vrc01"
"15","hxb2.278.A.1mer","vrc01"
"16","hxb2.278.E.1mer","vrc01"
"17","hxb2.278.N.1mer","vrc01"
"18","hxb2.278.S.1mer","vrc01"
"19","hxb2.278.T.1mer","vrc01"
"20","hxb2.279.D.1mer","vrc01"
"21","hxb2.279.E.1mer","vrc01"
"22","hxb2.279.K.1mer","vrc01"
"23","hxb2.279.N.1mer","vrc01"
"24","hxb2.279.S.1mer","vrc01"
"25","hxb2.280.D.1mer","vrc01"
"26","hxb2.280.N.1mer","vrc01"
"27","hxb2.280.S.1mer","vrc01"
"28","hxb2.280.T.1mer","vrc01"
"29","hxb2.281.A.1mer","vrc01"
"30","hxb2.281.E.1mer","vrc01"
"31","hxb2.281.G.1mer","vrc01"
"32","hxb2.281.I.1mer","vrc01"
"33","hxb2.281.S.1mer","vrc01"
"34","hxb2.281.T.1mer","vrc01"
"35","hxb2.281.V.1mer","vrc01"
"36","hxb2.282.G.1mer","vrc01"
"37","hxb2.282.K.1mer","vrc01"
"38","hxb2.282.N.1mer","vrc01"
"39","hxb2.282.Q.1mer","vrc01"
"40","hxb2.282.R.1mer","vrc01"
"41","hxb2.282.Y.1mer","vrc01"
"42","hxb2.365.A.1mer","vrc01"
"43","hxb2.365.L.1mer","vrc01"
"44","hxb2.365.N.1mer","vrc01"
"45","hxb2.365.P.1mer","vrc01"
"46","hxb2.365.R.1mer","vrc01"
"47","hxb2.365.S.1mer","vrc01"
"48","hxb2.365.T.1mer","vrc01"
"49","hxb2.365.V.1mer","vrc01"
"50","hxb2.371.I.1mer","vrc01"
"51","hxb2.371.L.1mer","vrc01"
"52","hxb2.371.T.1mer","vrc01"
"53","hxb2.371.V.1mer","vrc01"
"54","hxb2.428.I.1mer","vrc01"
"55","hxb2.428.M.1mer","vrc01"
"56","hxb2.428.Q.1mer","vrc01"
"57","hxb2.429.A.1mer","vrc01"
"58","hxb2.429.E.1mer","vrc01"
"59","hxb2.429.G.1mer","vrc01"
"60","hxb2.429.K.1mer","vrc01"
"61","hxb2.429.Q.1mer","vrc01"
"62","hxb2.429.R.1mer","vrc01"
"63","hxb2.429.T.1mer","vrc01"
"64","hxb2.430.A.1mer","vrc01"
"65","hxb2.430.G.1mer","vrc01"
"66","hxb2.430.I.1mer","vrc01"
"67","hxb2.430.T.1mer","vrc01"
"68","hxb2.430.V.1mer","vrc01"
"69","hxb2.455.E.1mer","vrc01"
"70","hxb2.455.I.1mer","vrc01"
"71","hxb2.455.L.1mer","vrc01"
"72","hxb2.455.Q.1mer","vrc01"
"73","hxb2.455.T.1mer","vrc01"
"74","hxb2.455.V.1mer","vrc01"
"75","hxb2.456.H.1mer","vrc01"
"76","hxb2.456.L.1mer","vrc01"
"77","hxb2.456.M.1mer","vrc01"
"78","hxb2.456.R.1mer","vrc01"
"79","hxb2.456.S.1mer","vrc01"
"80","hxb2.456.W.1mer","vrc01"
"81","hxb2.456.Y.1mer","vrc01"
"82","hxb2.457.D.1mer","vrc01"
"83","hxb2.458.E.1mer","vrc01"
"84","hxb2.458.G.1mer","vrc01"
"85","hxb2.458.Q.1mer","vrc01"
"86","hxb2.458.Y.1mer","vrc01"
"87","hxb2.459.D.1mer","vrc01"
"88","hxb2.459.E.1mer","vrc01"
"89","hxb2.459.G.1mer","vrc01"
"90","hxb2.459.P.1mer","vrc01"
"91","hxb2.459.S.1mer","vrc01"
"92","hxb2.459.gap.1mer","vrc01"
"93","hxb2.460.A.1mer","vrc01"
"94","hxb2.460.D.1mer","vrc01"
"95","hxb2.460.E.1mer","vrc01"
"96","hxb2.460.G.1mer","vrc01"
"97","hxb2.460.I.1mer","vrc01"
"98","hxb2.460.K.1mer","vrc01"
"99","hxb2.460.N.1mer","vrc01"
"100","hxb2.460.P.1mer","vrc01"
"101","hxb2.460.Q.1mer","vrc01"
"102","hxb2.460.R.1mer","vrc01"
"103","hxb2.460.S.1mer","vrc01"
"104","hxb2.460.T.1mer","vrc01"
"105","hxb2.460.V.1mer","vrc01"
"106","hxb2.460.gap.1mer","vrc01"
"107","hxb2.461.A.1mer","vrc01"
"108","hxb2.461.D.1mer","vrc01"
"109","hxb2.461.E.1mer","vrc01"
"110","hxb2.461.G.1mer","vrc01"
"111","hxb2.461.H.1mer","vrc01"
"112","hxb2.461.I.1mer","vrc01"
"113","hxb2.461.K.1mer","vrc01"
"114","hxb2.461.N.1mer","vrc01"
"115","hxb2.461.P.1mer","vrc01"
"116","hxb2.461.Q.1mer","vrc01"
"117","hxb2.461.R.1mer","vrc01"
"118","hxb2.461.S.1mer","vrc01"
"119","hxb2.461.T.1mer","vrc01"
"120","hxb2.461.V.1mer","vrc01"
"121","hxb2.461.gap.1mer","vrc01"
"122","hxb2.463.A.1mer","vrc01"
"123","hxb2.463.D.1mer","vrc01"
"124","hxb2.463.E.1mer","vrc01"
"125","hxb2.463.G.1mer","vrc01"
"126","hxb2.463.K.1mer","vrc01"
"127","hxb2.463.M.1mer","vrc01"
"128","hxb2.463.N.1mer","vrc01"
"129","hxb2.463.P.1mer","vrc01"
"130","hxb2.463.Q.1mer","vrc01"
"131","hxb2.463.R.1mer","vrc01"
"132","hxb2.463.S.1mer","vrc01"
"133","hxb2.463.T.1mer","vrc01"
"134","hxb2.465.A.1mer","vrc01"
"135","hxb2.465.D.1mer","vrc01"
"136","hxb2.465.E.1mer","vrc01"
"137","hxb2.465.I.1mer","vrc01"
"138","hxb2.465.K.1mer","vrc01"
"139","hxb2.465.N.1mer","vrc01"
"140","hxb2.465.P.1mer","vrc01"
"141","hxb2.465.R.1mer","vrc01"
"142","hxb2.465.S.1mer","vrc01"
"143","hxb2.465.T.1mer","vrc01"
"144","hxb2.466.A.1mer","vrc01"
"145","hxb2.466.D.1mer","vrc01"
"146","hxb2.466.E.1mer","vrc01"
"147","hxb2.466.Q.1mer","vrc01"
"148","hxb2.466.S.1mer","vrc01"
"149","hxb2.466.T.1mer","vrc01"
"150","hxb2.466.V.1mer","vrc01"
"151","hxb2.467.I.1mer","vrc01"
"152","hxb2.467.T.1mer","vrc01"
"153","hxb2.467.V.1mer","vrc01"
"154","hxb2.469.R.1mer","vrc01"
"155","hxb2.474.D.1mer","vrc01"
"156","hxb2.474.E.1mer","vrc01"
"157","hxb2.474.N.1mer","vrc01"
"158","hxb2.476.K.1mer","vrc01"
"159","hxb2.476.R.1mer","vrc01"
"160","hxb2.276.sequon_actual.1mer","vrc01"
"161","hxb2.278.sequon_actual.1mer","vrc01"
"162","hxb2.460.sequon_actual.1mer","vrc01"
"163","hxb2.461.sequon_actual.1mer","vrc01"
"164","hxb2.463.sequon_actual.1mer","vrc01"
"165","hxb2.465.sequon_actual.1mer","vrc01"
"166","hxb2.124.F.1mer","cd4bs"
"167","hxb2.124.P.1mer","cd4bs"
"168","hxb2.125.I.1mer","cd4bs"
"169","hxb2.125.L.1mer","cd4bs"
"170","hxb2.127.I.1mer","cd4bs"
"171","hxb2.127.V.1mer","cd4bs"
"172","hxb2.198.A.1mer","cd4bs"
"173","hxb2.198.S.1mer","cd4bs"
"174","hxb2.198.T.1mer","cd4bs"
"175","hxb2.198.V.1mer","cd4bs"
"176","hxb2.279.D.1mer","cd4bs"
"177","hxb2.279.E.1mer","cd4bs"
"178","hxb2.279.K.1mer","cd4bs"
"179","hxb2.279.N.1mer","cd4bs"
"180","hxb2.279.S.1mer","cd4bs"
"181","hxb2.280.D.1mer","cd4bs"
"182","hxb2.280.N.1mer","cd4bs"
"183","hxb2.280.S.1mer","cd4bs"
"184","hxb2.280.T.1mer","cd4bs"
"185","hxb2.281.A.1mer","cd4bs"
"186","hxb2.281.E.1mer","cd4bs"
"187","hxb2.281.G.1mer","cd4bs"
"188","hxb2.281.I.1mer","cd4bs"
"189","hxb2.281.S.1mer","cd4bs"
"190","hxb2.281.T.1mer","cd4bs"
"191","hxb2.281.V.1mer","cd4bs"
"192","hxb2.282.G.1mer","cd4bs"
"193","hxb2.282.K.1mer","cd4bs"
"194","hxb2.282.N.1mer","cd4bs"
"195","hxb2.282.Q.1mer","cd4bs"
"196","hxb2.282.R.1mer","cd4bs"
"197","hxb2.282.Y.1mer","cd4bs"
"198","hxb2.283.I.1mer","cd4bs"
"199","hxb2.283.N.1mer","cd4bs"
"200","hxb2.283.T.1mer","cd4bs"
"201","hxb2.283.V.1mer","cd4bs"
"202","hxb2.365.A.1mer","cd4bs"
"203","hxb2.365.L.1mer","cd4bs"
"204","hxb2.365.N.1mer","cd4bs"
"205","hxb2.365.P.1mer","cd4bs"
"206","hxb2.365.R.1mer","cd4bs"
"207","hxb2.365.S.1mer","cd4bs"
"208","hxb2.365.T.1mer","cd4bs"
"209","hxb2.365.V.1mer","cd4bs"
"210","hxb2.369.A.1mer","cd4bs"
"211","hxb2.369.I.1mer","cd4bs"
"212","hxb2.369.L.1mer","cd4bs"
"213","hxb2.369.P.1mer","cd4bs"
"214","hxb2.369.Q.1mer","cd4bs"
"215","hxb2.369.V.1mer","cd4bs"
"216","hxb2.374.F.1mer","cd4bs"
"217","hxb2.374.H.1mer","cd4bs"
"218","hxb2.374.L.1mer","cd4bs"
"219","hxb2.425.N.1mer","cd4bs"
"220","hxb2.425.R.1mer","cd4bs"
"221","hxb2.426.L.1mer","cd4bs"
"222","hxb2.426.M.1mer","cd4bs"
"223","hxb2.426.R.1mer","cd4bs"
"224","hxb2.426.S.1mer","cd4bs"
"225","hxb2.426.T.1mer","cd4bs"
"226","hxb2.428.I.1mer","cd4bs"
"227","hxb2.428.M.1mer","cd4bs"
"228","hxb2.428.Q.1mer","cd4bs"
"229","hxb2.429.A.1mer","cd4bs"
"230","hxb2.429.E.1mer","cd4bs"
"231","hxb2.429.G.1mer","cd4bs"
"232","hxb2.429.K.1mer","cd4bs"
"233","hxb2.429.Q.1mer","cd4bs"
"234","hxb2.429.R.1mer","cd4bs"
"235","hxb2.429.T.1mer","cd4bs"
"236","hxb2.430.A.1mer","cd4bs"
"237","hxb2.430.G.1mer","cd4bs"
"238","hxb2.430.I.1mer","cd4bs"
"239","hxb2.430.T.1mer","cd4bs"
"240","hxb2.430.V.1mer","cd4bs"
"241","hxb2.431.E.1mer","cd4bs"
"242","hxb2.431.G.1mer","cd4bs"
"243","hxb2.432.K.1mer","cd4bs"
"244","hxb2.432.Q.1mer","cd4bs"
"245","hxb2.432.R.1mer","cd4bs"
"246","hxb2.432.S.1mer","cd4bs"
"247","hxb2.455.E.1mer","cd4bs"
"248","hxb2.455.I.1mer","cd4bs"
"249","hxb2.455.L.1mer","cd4bs"
"250","hxb2.455.Q.1mer","cd4bs"
"251","hxb2.455.T.1mer","cd4bs"
"252","hxb2.455.V.1mer","cd4bs"
"253","hxb2.456.H.1mer","cd4bs"
"254","hxb2.456.L.1mer","cd4bs"
"255","hxb2.456.M.1mer","cd4bs"
"256","hxb2.456.R.1mer","cd4bs"
"257","hxb2.456.S.1mer","cd4bs"
"258","hxb2.456.W.1mer","cd4bs"
"259","hxb2.456.Y.1mer","cd4bs"
"260","hxb2.457.D.1mer","cd4bs"
"261","hxb2.458.E.1mer","cd4bs"
"262","hxb2.458.G.1mer","cd4bs"
"263","hxb2.458.Q.1mer","cd4bs"
"264","hxb2.458.Y.1mer","cd4bs"
"265","hxb2.459.D.1mer","cd4bs"
"266","hxb2.459.E.1mer","cd4bs"
"267","hxb2.459.G.1mer","cd4bs"
"268","hxb2.459.P.1mer","cd4bs"
"269","hxb2.459.S.1mer","cd4bs"
"270","hxb2.459.gap.1mer","cd4bs"
"271","hxb2.460.A.1mer","cd4bs"
"272","hxb2.460.D.1mer","cd4bs"
"273","hxb2.460.E.1mer","cd4bs"
"274","hxb2.460.G.1mer","cd4bs"
"275","hxb2.460.I.1mer","cd4bs"
"276","hxb2.460.K.1mer","cd4bs"
"277","hxb2.460.N.1mer","cd4bs"
"278","hxb2.460.P.1mer","cd4bs"
"279","hxb2.460.Q.1mer","cd4bs"
"280","hxb2.460.R.1mer","cd4bs"
"281","hxb2.460.S.1mer","cd4bs"
"282","hxb2.460.T.1mer","cd4bs"
"283","hxb2.460.V.1mer","cd4bs"
"284","hxb2.460.gap.1mer","cd4bs"
"285","hxb2.461.A.1mer","cd4bs"
"286","hxb2.461.D.1mer","cd4bs"
"287","hxb2.461.E.1mer","cd4bs"
"288","hxb2.461.G.1mer","cd4bs"
"289","hxb2.461.H.1mer","cd4bs"
"290","hxb2.461.I.1mer","cd4bs"
"291","hxb2.461.K.1mer","cd4bs"
"292","hxb2.461.N.1mer","cd4bs"
"293","hxb2.461.P.1mer","cd4bs"
"294","hxb2.461.Q.1mer","cd4bs"
"295","hxb2.461.R.1mer","cd4bs"
"296","hxb2.461.S.1mer","cd4bs"
"297","hxb2.461.T.1mer","cd4bs"
"298","hxb2.461.V.1mer","cd4bs"
"299","hxb2.461.gap.1mer","cd4bs"
"300","hxb2.469.R.1mer","cd4bs"
"301","hxb2.471.A.1mer","cd4bs"
"302","hxb2.471.E.1mer","cd4bs"
"303","hxb2.471.G.1mer","cd4bs"
"304","hxb2.471.I.1mer","cd4bs"
"305","hxb2.471.Q.1mer","cd4bs"
"306","hxb2.471.S.1mer","cd4bs"
"307","hxb2.471.T.1mer","cd4bs"
"308","hxb2.471.V.1mer","cd4bs"
"309","hxb2.474.D.1mer","cd4bs"
"310","hxb2.474.E.1mer","cd4bs"
"311","hxb2.474.N.1mer","cd4bs"
"312","hxb2.475.I.1mer","cd4bs"
"313","hxb2.475.M.1mer","cd4bs"
"314","hxb2.476.K.1mer","cd4bs"
"315","hxb2.476.R.1mer","cd4bs"
"316","hxb2.477.D.1mer","cd4bs"
"317","hxb2.477.N.1mer","cd4bs"
"318","hxb2.460.sequon_actual.1mer","cd4bs"
"319","hxb2.461.sequon_actual.1mer","cd4bs"
"320","hxb2.97.E.1mer","esa"
"321","hxb2.97.K.1mer","esa"
"322","hxb2.97.N.1mer","esa"
"323","hxb2.97.R.1mer","esa"
"324","hxb2.198.A.1mer","esa"
"325","hxb2.198.S.1mer","esa"
"326","hxb2.198.T.1mer","esa"
"327","hxb2.198.V.1mer","esa"
"328","hxb2.276.D.1mer","esa"
"329","hxb2.276.K.1mer","esa"
"330","hxb2.276.N.1mer","esa"
"331","hxb2.276.S.1mer","esa"
"332","hxb2.278.A.1mer","esa"
"333","hxb2.278.E.1mer","esa"
"334","hxb2.278.N.1mer","esa"
"335","hxb2.278.S.1mer","esa"
"336","hxb2.278.T.1mer","esa"
"337","hxb2.279.D.1mer","esa"
"338","hxb2.279.E.1mer","esa"
"339","hxb2.279.K.1mer","esa"
"340","hxb2.279.N.1mer","esa"
"341","hxb2.279.S.1mer","esa"
"342","hxb2.280.D.1mer","esa"
"343","hxb2.280.N.1mer","esa"
"344","hxb2.280.S.1mer","esa"
"345","hxb2.280.T.1mer","esa"
"346","hxb2.281.A.1mer","esa"
"347","hxb2.281.E.1mer","esa"
"348","hxb2.281.G.1mer","esa"
"349","hxb2.281.I.1mer","esa"
"350","hxb2.281.S.1mer","esa"
"351","hxb2.281.T.1mer","esa"
"352","hxb2.281.V.1mer","esa"
"353","hxb2.282.G.1mer","esa"
"354","hxb2.282.K.1mer","esa"
"355","hxb2.282.N.1mer","esa"
"356","hxb2.282.Q.1mer","esa"
"357","hxb2.282.R.1mer","esa"
"358","hxb2.282.Y.1mer","esa"
"359","hxb2.365.A.1mer","esa"
"360","hxb2.365.L.1mer","esa"
"361","hxb2.365.N.1mer","esa"
"362","hxb2.365.P.1mer","esa"
"363","hxb2.365.R.1mer","esa"
"364","hxb2.365.S.1mer","esa"
"365","hxb2.365.T.1mer","esa"
"366","hxb2.365.V.1mer","esa"
"367","hxb2.371.I.1mer","esa"
"368","hxb2.371.L.1mer","esa"
"369","hxb2.371.T.1mer","esa"
"370","hxb2.371.V.1mer","esa"
"371","hxb2.415.E.1mer","esa"
"372","hxb2.415.I.1mer","esa"
"373","hxb2.415.K.1mer","esa"
"374","hxb2.415.L.1mer","esa"
"375","hxb2.415.M.1mer","esa"
"376","hxb2.415.N.1mer","esa"
"377","hxb2.415.R.1mer","esa"
"378","hxb2.415.T.1mer","esa"
"379","hxb2.415.V.1mer","esa"
"380","hxb2.415.X.1mer","esa"
"381","hxb2.428.I.1mer","esa"
"382","hxb2.428.M.1mer","esa"
"383","hxb2.428.Q.1mer","esa"
"384","hxb2.429.A.1mer","esa"
"385","hxb2.429.E.1mer","esa"
"386","hxb2.429.G.1mer","esa"
"387","hxb2.429.K.1mer","esa"
"388","hxb2.429.Q.1mer","esa"
"389","hxb2.429.R.1mer","esa"
"390","hxb2.429.T.1mer","esa"
"391","hxb2.430.A.1mer","esa"
"392","hxb2.430.G.1mer","esa"
"393","hxb2.430.I.1mer","esa"
"394","hxb2.430.T.1mer","esa"
"395","hxb2.430.V.1mer","esa"
"396","hxb2.455.E.1mer","esa"
"397","hxb2.455.I.1mer","esa"
"398","hxb2.455.L.1mer","esa"
"399","hxb2.455.Q.1mer","esa"
"400","hxb2.455.T.1mer","esa"
"401","hxb2.455.V.1mer","esa"
"402","hxb2.457.D.1mer","esa"
"403","hxb2.458.E.1mer","esa"
"404","hxb2.458.G.1mer","esa"
"405","hxb2.458.Q.1mer","esa"
"406","hxb2.458.Y.1mer","esa"
"407","hxb2.459.D.1mer","esa"
"408","hxb2.459.E.1mer","esa"
"409","hxb2.459.G.1mer","esa"
"410","hxb2.459.P.1mer","esa"
"411","hxb2.459.S.1mer","esa"
"412","hxb2.459.gap.1mer","esa"
"413","hxb2.460.A.1mer","esa"
"414","hxb2.460.D.1mer","esa"
"415","hxb2.460.E.1mer","esa"
"416","hxb2.460.G.1mer","esa"
"417","hxb2.460.I.1mer","esa"
"418","hxb2.460.K.1mer","esa"
"419","hxb2.460.N.1mer","esa"
"420","hxb2.460.P.1mer","esa"
"421","hxb2.460.Q.1mer","esa"
"422","hxb2.460.R.1mer","esa"
"423","hxb2.460.S.1mer","esa"
"424","hxb2.460.T.1mer","esa"
"425","hxb2.460.V.1mer","esa"
"426","hxb2.460.gap.1mer","esa"
"427","hxb2.461.A.1mer","esa"
"428","hxb2.461.D.1mer","esa"
"429","hxb2.461.E.1mer","esa"
"430","hxb2.461.G.1mer","esa"
"431","hxb2.461.H.1mer","esa"
"432","hxb2.461.I.1mer","esa"
"433","hxb2.461.K.1mer","esa"
"434","hxb2.461.N.1mer","esa"
"435","hxb2.461.P.1mer","esa"
"436","hxb2.461.Q.1mer","esa"
"437","hxb2.461.R.1mer","esa"
"438","hxb2.461.S.1mer","esa"
"439","hxb2.461.T.1mer","esa"
"440","hxb2.461.V.1mer","esa"
"441","hxb2.461.gap.1mer","esa"
"442","hxb2.467.I.1mer","esa"
"443","hxb2.467.T.1mer","esa"
"444","hxb2.467.V.1mer","esa"
"445","hxb2.469.R.1mer","esa"
"446","hxb2.474.D.1mer","esa"
"447","hxb2.474.E.1mer","esa"
"448","hxb2.474.N.1mer","esa"
"449","hxb2.476.K.1mer","esa"
"450","hxb2.476.R.1mer","esa"
"451","hxb2.276.sequon_actual.1mer","esa"
"452","hxb2.278.sequon_actual.1mer","esa"
"453","hxb2.460.sequon_actual.1mer","esa"
"454","hxb2.461.sequon_actual.1mer","esa"
"455","hxb2.61.H.1mer","glyco"
"456","hxb2.61.Q.1mer","glyco"
"457","hxb2.61.T.1mer","glyco"
"458","hxb2.61.Y.1mer","glyco"
"459","hxb2.197.D.1mer","glyco"
"460","hxb2.197.K.1mer","glyco"
"461","hxb2.197.N.1mer","glyco"
"462","hxb2.276.D.1mer","glyco"
"463","hxb2.276.K.1mer","glyco"
"464","hxb2.276.N.1mer","glyco"
"465","hxb2.276.S.1mer","glyco"
"466","hxb2.362.A.1mer","glyco"
"467","hxb2.362.D.1mer","glyco"
"468","hxb2.362.E.1mer","glyco"
"469","hxb2.362.G.1mer","glyco"
"470","hxb2.362.K.1mer","glyco"
"471","hxb2.362.N.1mer","glyco"
"472","hxb2.362.Q.1mer","glyco"
"473","hxb2.362.R.1mer","glyco"
"474","hxb2.362.S.1mer","glyco"
"475","hxb2.362.T.1mer","glyco"
"476","hxb2.363.A.1mer","glyco"
"477","hxb2.363.E.1mer","glyco"
"478","hxb2.363.G.1mer","glyco"
"479","hxb2.363.H.1mer","glyco"
"480","hxb2.363.K.1mer","glyco"
"481","hxb2.363.N.1mer","glyco"
"482","hxb2.363.P.1mer","glyco"
"483","hxb2.363.Q.1mer","glyco"
"484","hxb2.363.R.1mer","glyco"
"485","hxb2.363.S.1mer","glyco"
"486","hxb2.363.T.1mer","glyco"
"487","hxb2.363.X.1mer","glyco"
"488","hxb2.386.D.1mer","glyco"
"489","hxb2.386.N.1mer","glyco"
"490","hxb2.386.S.1mer","glyco"
"491","hxb2.386.X.1mer","glyco"
"492","hxb2.386.Y.1mer","glyco"
"493","hxb2.392.D.1mer","glyco"
"494","hxb2.392.H.1mer","glyco"
"495","hxb2.392.K.1mer","glyco"
"496","hxb2.392.N.1mer","glyco"
"497","hxb2.392.Q.1mer","glyco"
"498","hxb2.392.S.1mer","glyco"
"499","hxb2.392.T.1mer","glyco"
"500","hxb2.392.Y.1mer","glyco"
"501","hxb2.392.gap.1mer","glyco"
"502","hxb2.462.A.1mer","glyco"
"503","hxb2.462.D.1mer","glyco"
"504","hxb2.462.E.1mer","glyco"
"505","hxb2.462.G.1mer","glyco"
"506","hxb2.462.I.1mer","glyco"
"507","hxb2.462.K.1mer","glyco"
"508","hxb2.462.N.1mer","glyco"
"509","hxb2.462.P.1mer","glyco"
"510","hxb2.462.Q.1mer","glyco"
"511","hxb2.462.R.1mer","glyco"
"512","hxb2.462.S.1mer","glyco"
"513","hxb2.462.T.1mer","glyco"
"514","hxb2.462.X.1mer","glyco"
"515","hxb2.462.gap.1mer","glyco"
"516","hxb2.463.A.1mer","glyco"
"517","hxb2.463.D.1mer","glyco"
"518","hxb2.463.E.1mer","glyco"
"519","hxb2.463.G.1mer","glyco"
"520","hxb2.463.K.1mer","glyco"
"521","hxb2.463.M.1mer","glyco"
"522","hxb2.463.N.1mer","glyco"
"523","hxb2.463.P.1mer","glyco"
"524","hxb2.463.Q.1mer","glyco"
"525","hxb2.463.R.1mer","glyco"
"526","hxb2.463.S.1mer","glyco"
"527","hxb2.463.T.1mer","glyco"
"528","hxb2.197.sequon_actual.1mer","glyco"
"529","hxb2.276.sequon_actual.1mer","glyco"
"530","hxb2.362.sequon_actual.1mer","glyco"
"531","hxb2.363.sequon_actual.1mer","glyco"
"532","hxb2.386.sequon_actual.1mer","glyco"
"533","hxb2.392.sequon_actual.1mer","glyco"
"534","hxb2.462.sequon_actual.1mer","glyco"
"535","hxb2.463.sequon_actual.1mer","glyco"
"536","hxb2.46.E.1mer","covar"
"537","hxb2.46.K.1mer","covar"
"538","hxb2.46.Q.1mer","covar"
"539","hxb2.46.R.1mer","covar"
"540","hxb2.46.T.1mer","covar"
"541","hxb2.132.A.1mer","covar"
"542","hxb2.132.E.1mer","covar"
"543","hxb2.132.G.1mer","covar"
"544","hxb2.132.H.1mer","covar"
"545","hxb2.132.I.1mer","covar"
"546","hxb2.132.K.1mer","covar"
"547","hxb2.132.N.1mer","covar"
"548","hxb2.132.Q.1mer","covar"
"549","hxb2.132.R.1mer","covar"
"550","hxb2.132.S.1mer","covar"
"551","hxb2.132.T.1mer","covar"
"552","hxb2.132.V.1mer","covar"
"553","hxb2.132.X.1mer","covar"
"554","hxb2.132.Y.1mer","covar"
"555","hxb2.138.A.1mer","covar"
"556","hxb2.138.C.1mer","covar"
"557","hxb2.138.D.1mer","covar"
"558","hxb2.138.E.1mer","covar"
"559","hxb2.138.G.1mer","covar"
"560","hxb2.138.H.1mer","covar"
"561","hxb2.138.I.1mer","covar"
"562","hxb2.138.K.1mer","covar"
"563","hxb2.138.L.1mer","covar"
"564","hxb2.138.M.1mer","covar"
"565","hxb2.138.N.1mer","covar"
"566","hxb2.138.P.1mer","covar"
"567","hxb2.138.Q.1mer","covar"
"568","hxb2.138.R.1mer","covar"
"569","hxb2.138.S.1mer","covar"
"570","hxb2.138.T.1mer","covar"
"571","hxb2.138.V.1mer","covar"
"572","hxb2.138.Y.1mer","covar"
"573","hxb2.138.gap.1mer","covar"
"574","hxb2.144.A.1mer","covar"
"575","hxb2.144.D.1mer","covar"
"576","hxb2.144.E.1mer","covar"
"577","hxb2.144.G.1mer","covar"
"578","hxb2.144.H.1mer","covar"
"579","hxb2.144.I.1mer","covar"
"580","hxb2.144.K.1mer","covar"
"581","hxb2.144.L.1mer","covar"
"582","hxb2.144.N.1mer","covar"
"583","hxb2.144.P.1mer","covar"
"584","hxb2.144.R.1mer","covar"
"585","hxb2.144.S.1mer","covar"
"586","hxb2.144.T.1mer","covar"
"587","hxb2.144.V.1mer","covar"
"588","hxb2.144.Y.1mer","covar"
"589","hxb2.144.gap.1mer","covar"
"590","hxb2.150.A.1mer","covar"
"591","hxb2.150.D.1mer","covar"
"592","hxb2.150.E.1mer","covar"
"593","hxb2.150.G.1mer","covar"
"594","hxb2.150.I.1mer","covar"
"595","hxb2.150.K.1mer","covar"
"596","hxb2.150.L.1mer","covar"
"597","hxb2.150.M.1mer","covar"
"598","hxb2.150.N.1mer","covar"
"599","hxb2.150.P.1mer","covar"
"600","hxb2.150.Q.1mer","covar"
"601","hxb2.150.R.1mer","covar"
"602","hxb2.150.S.1mer","covar"
"603","hxb2.150.T.1mer","covar"
"604","hxb2.150.V.1mer","covar"
"605","hxb2.150.Y.1mer","covar"
"606","hxb2.150.gap.1mer","covar"
"607","hxb2.179.A.1mer","covar"
"608","hxb2.179.I.1mer","covar"
"609","hxb2.179.L.1mer","covar"
"610","hxb2.179.P.1mer","covar"
"611","hxb2.179.Q.1mer","covar"
"612","hxb2.179.S.1mer","covar"
"613","hxb2.179.T.1mer","covar"
"614","hxb2.179.V.1mer","covar"
"615","hxb2.179.Y.1mer","covar"
"616","hxb2.181.I.1mer","covar"
"617","hxb2.181.L.1mer","covar"
"618","hxb2.181.M.1mer","covar"
"619","hxb2.181.V.1mer","covar"
"620","hxb2.186.A.1mer","covar"
"621","hxb2.186.D.1mer","covar"
"622","hxb2.186.E.1mer","covar"
"623","hxb2.186.G.1mer","covar"
"624","hxb2.186.K.1mer","covar"
"625","hxb2.186.N.1mer","covar"
"626","hxb2.186.P.1mer","covar"
"627","hxb2.186.R.1mer","covar"
"628","hxb2.186.S.1mer","covar"
"629","hxb2.186.T.1mer","covar"
"630","hxb2.186.gap.1mer","covar"
"631","hxb2.190.D.1mer","covar"
"632","hxb2.190.E.1mer","covar"
"633","hxb2.190.F.1mer","covar"
"634","hxb2.190.G.1mer","covar"
"635","hxb2.190.I.1mer","covar"
"636","hxb2.190.K.1mer","covar"
"637","hxb2.190.L.1mer","covar"
"638","hxb2.190.M.1mer","covar"
"639","hxb2.190.N.1mer","covar"
"640","hxb2.190.Q.1mer","covar"
"641","hxb2.190.R.1mer","covar"
"642","hxb2.190.S.1mer","covar"
"643","hxb2.190.T.1mer","covar"
"644","hxb2.190.V.1mer","covar"
"645","hxb2.190.Y.1mer","covar"
"646","hxb2.290.D.1mer","covar"
"647","hxb2.290.E.1mer","covar"
"648","hxb2.290.K.1mer","covar"
"649","hxb2.290.N.1mer","covar"
"650","hxb2.290.Q.1mer","covar"
"651","hxb2.290.R.1mer","covar"
"652","hxb2.290.S.1mer","covar"
"653","hxb2.290.T.1mer","covar"
"654","hxb2.290.X.1mer","covar"
"655","hxb2.321.D.1mer","covar"
"656","hxb2.321.E.1mer","covar"
"657","hxb2.321.G.1mer","covar"
"658","hxb2.321.K.1mer","covar"
"659","hxb2.321.L.1mer","covar"
"660","hxb2.321.N.1mer","covar"
"661","hxb2.321.R.1mer","covar"
"662","hxb2.321.T.1mer","covar"
"663","hxb2.321.V.1mer","covar"
"664","hxb2.321.Y.1mer","covar"
"665","hxb2.321.gap.1mer","covar"
"666","hxb2.328.A.1mer","covar"
"667","hxb2.328.E.1mer","covar"
"668","hxb2.328.I.1mer","covar"
"669","hxb2.328.K.1mer","covar"
"670","hxb2.328.L.1mer","covar"
"671","hxb2.328.N.1mer","covar"
"672","hxb2.328.Q.1mer","covar"
"673","hxb2.328.R.1mer","covar"
"674","hxb2.354.E.1mer","covar"
"675","hxb2.354.G.1mer","covar"
"676","hxb2.354.H.1mer","covar"
"677","hxb2.354.I.1mer","covar"
"678","hxb2.354.K.1mer","covar"
"679","hxb2.354.L.1mer","covar"
"680","hxb2.354.N.1mer","covar"
"681","hxb2.354.P.1mer","covar"
"682","hxb2.354.Q.1mer","covar"
"683","hxb2.354.R.1mer","covar"
"684","hxb2.354.S.1mer","covar"
"685","hxb2.354.T.1mer","covar"
"686","hxb2.354.gap.1mer","covar"
"687","hxb2.389.A.1mer","covar"
"688","hxb2.389.D.1mer","covar"
"689","hxb2.389.E.1mer","covar"
"690","hxb2.389.G.1mer","covar"
"691","hxb2.389.H.1mer","covar"
"692","hxb2.389.I.1mer","covar"
"693","hxb2.389.K.1mer","covar"
"694","hxb2.389.N.1mer","covar"
"695","hxb2.389.P.1mer","covar"
"696","hxb2.389.Q.1mer","covar"
"697","hxb2.389.R.1mer","covar"
"698","hxb2.389.S.1mer","covar"
"699","hxb2.389.T.1mer","covar"
"700","hxb2.394.A.1mer","covar"
"701","hxb2.394.D.1mer","covar"
"702","hxb2.394.E.1mer","covar"
"703","hxb2.394.I.1mer","covar"
"704","hxb2.394.K.1mer","covar"
"705","hxb2.394.N.1mer","covar"
"706","hxb2.394.R.1mer","covar"
"707","hxb2.394.S.1mer","covar"
"708","hxb2.394.T.1mer","covar"
"709","hxb2.394.V.1mer","covar"
"710","hxb2.394.gap.1mer","covar"
"711","hxb2.396.A.1mer","covar"
"712","hxb2.396.D.1mer","covar"
"713","hxb2.396.E.1mer","covar"
"714","hxb2.396.F.1mer","covar"
"715","hxb2.396.G.1mer","covar"
"716","hxb2.396.H.1mer","covar"
"717","hxb2.396.I.1mer","covar"
"718","hxb2.396.K.1mer","covar"
"719","hxb2.396.L.1mer","covar"
"720","hxb2.396.M.1mer","covar"
"721","hxb2.396.N.1mer","covar"
"722","hxb2.396.P.1mer","covar"
"723","hxb2.396.Q.1mer","covar"
"724","hxb2.396.R.1mer","covar"
"725","hxb2.396.S.1mer","covar"
"726","hxb2.396.T.1mer","covar"
"727","hxb2.396.W.1mer","covar"
"728","hxb2.396.Y.1mer","covar"
"729","hxb2.396.gap.1mer","covar"
"730","hxb2.397.A.1mer","covar"
"731","hxb2.397.C.1mer","covar"
"732","hxb2.397.D.1mer","covar"
"733","hxb2.397.E.1mer","covar"
"734","hxb2.397.F.1mer","covar"
"735","hxb2.397.G.1mer","covar"
"736","hxb2.397.H.1mer","covar"
"737","hxb2.397.I.1mer","covar"
"738","hxb2.397.K.1mer","covar"
"739","hxb2.397.L.1mer","covar"
"740","hxb2.397.N.1mer","covar"
"741","hxb2.397.P.1mer","covar"
"742","hxb2.397.Q.1mer","covar"
"743","hxb2.397.R.1mer","covar"
"744","hxb2.397.S.1mer","covar"
"745","hxb2.397.T.1mer","covar"
"746","hxb2.397.V.1mer","covar"
"747","hxb2.397.W.1mer","covar"
"748","hxb2.397.X.1mer","covar"
"749","hxb2.397.Y.1mer","covar"
"750","hxb2.397.gap.1mer","covar"
"751","hxb2.406.A.1mer","covar"
"752","hxb2.406.D.1mer","covar"
"753","hxb2.406.E.1mer","covar"
"754","hxb2.406.F.1mer","covar"
"755","hxb2.406.G.1mer","covar"
"756","hxb2.406.H.1mer","covar"
"757","hxb2.406.I.1mer","covar"
"758","hxb2.406.K.1mer","covar"
"759","hxb2.406.L.1mer","covar"
"760","hxb2.406.M.1mer","covar"
"761","hxb2.406.N.1mer","covar"
"762","hxb2.406.P.1mer","covar"
"763","hxb2.406.Q.1mer","covar"
"764","hxb2.406.R.1mer","covar"
"765","hxb2.406.S.1mer","covar"
"766","hxb2.406.T.1mer","covar"
"767","hxb2.406.V.1mer","covar"
"768","hxb2.406.W.1mer","covar"
"769","hxb2.406.Y.1mer","covar"
"770","hxb2.406.gap.1mer","covar"
"771","hxb2.132.sequon_actual.1mer","covar"
"772","hxb2.138.sequon_actual.1mer","covar"
"773","hxb2.144.sequon_actual.1mer","covar"
"774","hxb2.150.sequon_actual.1mer","covar"
"775","hxb2.186.sequon_actual.1mer","covar"
"776","hxb2.354.sequon_actual.1mer","covar"
"777","hxb2.394.sequon_actual.1mer","covar"
"778","hxb2.396.sequon_actual.1mer","covar"
"779","hxb2.397.sequon_actual.1mer","covar"
"780","hxb2.406.sequon_actual.1mer","covar"
"781","hxb2.130.D.1mer","pngs"
"782","hxb2.130.E.1mer","pngs"
"783","hxb2.130.H.1mer","pngs"
"784","hxb2.130.I.1mer","pngs"
"785","hxb2.130.K.1mer","pngs"
"786","hxb2.130.L.1mer","pngs"
"787","hxb2.130.N.1mer","pngs"
"788","hxb2.130.Q.1mer","pngs"
"789","hxb2.130.R.1mer","pngs"
"790","hxb2.130.S.1mer","pngs"
"791","hxb2.130.T.1mer","pngs"
"792","hxb2.139.A.1mer","pngs"
"793","hxb2.139.C.1mer","pngs"
"794","hxb2.139.D.1mer","pngs"
"795","hxb2.139.E.1mer","pngs"
"796","hxb2.139.G.1mer","pngs"
"797","hxb2.139.I.1mer","pngs"
"798","hxb2.139.K.1mer","pngs"
"799","hxb2.139.L.1mer","pngs"
"800","hxb2.139.N.1mer","pngs"
"801","hxb2.139.Q.1mer","pngs"
"802","hxb2.139.R.1mer","pngs"
"803","hxb2.139.S.1mer","pngs"
"804","hxb2.139.T.1mer","pngs"
"805","hxb2.139.V.1mer","pngs"
"806","hxb2.139.gap.1mer","pngs"
"807","hxb2.143.A.1mer","pngs"
"808","hxb2.143.D.1mer","pngs"
"809","hxb2.143.E.1mer","pngs"
"810","hxb2.143.F.1mer","pngs"
"811","hxb2.143.G.1mer","pngs"
"812","hxb2.143.I.1mer","pngs"
"813","hxb2.143.K.1mer","pngs"
"814","hxb2.143.N.1mer","pngs"
"815","hxb2.143.P.1mer","pngs"
"816","hxb2.143.Q.1mer","pngs"
"817","hxb2.143.S.1mer","pngs"
"818","hxb2.143.T.1mer","pngs"
"819","hxb2.143.V.1mer","pngs"
"820","hxb2.143.Y.1mer","pngs"
"821","hxb2.143.gap.1mer","pngs"
"822","hxb2.156.D.1mer","pngs"
"823","hxb2.156.I.1mer","pngs"
"824","hxb2.156.K.1mer","pngs"
"825","hxb2.156.N.1mer","pngs"
"826","hxb2.156.Q.1mer","pngs"
"827","hxb2.156.S.1mer","pngs"
"828","hxb2.187.A.1mer","pngs"
"829","hxb2.187.D.1mer","pngs"
"830","hxb2.187.E.1mer","pngs"
"831","hxb2.187.G.1mer","pngs"
"832","hxb2.187.K.1mer","pngs"
"833","hxb2.187.N.1mer","pngs"
"834","hxb2.187.Q.1mer","pngs"
"835","hxb2.187.R.1mer","pngs"
"836","hxb2.187.S.1mer","pngs"
"837","hxb2.187.T.1mer","pngs"
"838","hxb2.187.gap.1mer","pngs"
"839","hxb2.197.D.1mer","pngs"
"840","hxb2.197.K.1mer","pngs"
"841","hxb2.197.N.1mer","pngs"
"842","hxb2.241.D.1mer","pngs"
"843","hxb2.241.K.1mer","pngs"
"844","hxb2.241.N.1mer","pngs"
"845","hxb2.241.S.1mer","pngs"
"846","hxb2.289.A.1mer","pngs"
"847","hxb2.289.D.1mer","pngs"
"848","hxb2.289.K.1mer","pngs"
"849","hxb2.289.N.1mer","pngs"
"850","hxb2.289.R.1mer","pngs"
"851","hxb2.289.S.1mer","pngs"
"852","hxb2.289.T.1mer","pngs"
"853","hxb2.289.V.1mer","pngs"
"854","hxb2.339.D.1mer","pngs"
"855","hxb2.339.E.1mer","pngs"
"856","hxb2.339.G.1mer","pngs"
"857","hxb2.339.H.1mer","pngs"
"858","hxb2.339.I.1mer","pngs"
"859","hxb2.339.K.1mer","pngs"
"860","hxb2.339.N.1mer","pngs"
"861","hxb2.339.Q.1mer","pngs"
"862","hxb2.339.R.1mer","pngs"
"863","hxb2.339.S.1mer","pngs"
"864","hxb2.339.T.1mer","pngs"
"865","hxb2.339.V.1mer","pngs"
"866","hxb2.339.Y.1mer","pngs"
"867","hxb2.355.D.1mer","pngs"
"868","hxb2.355.G.1mer","pngs"
"869","hxb2.355.I.1mer","pngs"
"870","hxb2.355.K.1mer","pngs"
"871","hxb2.355.N.1mer","pngs"
"872","hxb2.355.Q.1mer","pngs"
"873","hxb2.355.T.1mer","pngs"
"874","hxb2.355.gap.1mer","pngs"
"875","hxb2.363.A.1mer","pngs"
"876","hxb2.363.E.1mer","pngs"
"877","hxb2.363.G.1mer","pngs"
"878","hxb2.363.H.1mer","pngs"
"879","hxb2.363.K.1mer","pngs"
"880","hxb2.363.N.1mer","pngs"
"881","hxb2.363.P.1mer","pngs"
"882","hxb2.363.Q.1mer","pngs"
"883","hxb2.363.R.1mer","pngs"
"884","hxb2.363.S.1mer","pngs"
"885","hxb2.363.T.1mer","pngs"
"886","hxb2.363.X.1mer","pngs"
"887","hxb2.406.A.1mer","pngs"
"888","hxb2.406.D.1mer","pngs"
"889","hxb2.406.E.1mer","pngs"
"890","hxb2.406.F.1mer","pngs"
"891","hxb2.406.G.1mer","pngs"
"892","hxb2.406.H.1mer","pngs"
"893","hxb2.406.I.1mer","pngs"
"894","hxb2.406.K.1mer","pngs"
"895","hxb2.406.L.1mer","pngs"
"896","hxb2.406.M.1mer","pngs"
"897","hxb2.406.N.1mer","pngs"
"898","hxb2.406.P.1mer","pngs"
"899","hxb2.406.Q.1mer","pngs"
"900","hxb2.406.R.1mer","pngs"
"901","hxb2.406.S.1mer","pngs"
"902","hxb2.406.T.1mer","pngs"
"903","hxb2.406.V.1mer","pngs"
"904","hxb2.406.W.1mer","pngs"
"905","hxb2.406.Y.1mer","pngs"
"906","hxb2.406.gap.1mer","pngs"
"907","hxb2.408.A.1mer","pngs"
"908","hxb2.408.D.1mer","pngs"
"909","hxb2.408.E.1mer","pngs"
"910","hxb2.408.F.1mer","pngs"
"911","hxb2.408.G.1mer","pngs"
"912","hxb2.408.H.1mer","pngs"
"913","hxb2.408.I.1mer","pngs"
"914","hxb2.408.K.1mer","pngs"
"915","hxb2.408.L.1mer","pngs"
"916","hxb2.408.M.1mer","pngs"
"917","hxb2.408.N.1mer","pngs"
"918","hxb2.408.P.1mer","pngs"
"919","hxb2.408.Q.1mer","pngs"
"920","hxb2.408.R.1mer","pngs"
"921","hxb2.408.S.1mer","pngs"
"922","hxb2.408.T.1mer","pngs"
"923","hxb2.408.V.1mer","pngs"
"924","hxb2.408.Y.1mer","pngs"
"925","hxb2.408.gap.1mer","pngs"
"926","hxb2.410.A.1mer","pngs"
"927","hxb2.410.C.1mer","pngs"
"928","hxb2.410.D.1mer","pngs"
"929","hxb2.410.E.1mer","pngs"
"930","hxb2.410.G.1mer","pngs"
"931","hxb2.410.H.1mer","pngs"
"932","hxb2.410.I.1mer","pngs"
"933","hxb2.410.K.1mer","pngs"
"934","hxb2.410.L.1mer","pngs"
"935","hxb2.410.N.1mer","pngs"
"936","hxb2.410.P.1mer","pngs"
"937","hxb2.410.R.1mer","pngs"
"938","hxb2.410.S.1mer","pngs"
"939","hxb2.410.T.1mer","pngs"
"940","hxb2.410.V.1mer","pngs"
"941","hxb2.410.Y.1mer","pngs"
"942","hxb2.410.gap.1mer","pngs"
"943","hxb2.442.A.1mer","pngs"
"944","hxb2.442.E.1mer","pngs"
"945","hxb2.442.H.1mer","pngs"
"946","hxb2.442.I.1mer","pngs"
"947","hxb2.442.K.1mer","pngs"
"948","hxb2.442.L.1mer","pngs"
"949","hxb2.442.N.1mer","pngs"
"950","hxb2.442.P.1mer","pngs"
"951","hxb2.442.Q.1mer","pngs"
"952","hxb2.442.R.1mer","pngs"
"953","hxb2.442.S.1mer","pngs"
"954","hxb2.442.T.1mer","pngs"
"955","hxb2.442.V.1mer","pngs"
"956","hxb2.448.D.1mer","pngs"
"957","hxb2.448.E.1mer","pngs"
"958","hxb2.448.I.1mer","pngs"
"959","hxb2.448.K.1mer","pngs"
"960","hxb2.448.N.1mer","pngs"
"961","hxb2.448.Q.1mer","pngs"
"962","hxb2.448.S.1mer","pngs"
"963","hxb2.448.T.1mer","pngs"
"964","hxb2.460.A.1mer","pngs"
"965","hxb2.460.D.1mer","pngs"
"966","hxb2.460.E.1mer","pngs"
"967","hxb2.460.G.1mer","pngs"
"968","hxb2.460.I.1mer","pngs"
"969","hxb2.460.K.1mer","pngs"
"970","hxb2.460.N.1mer","pngs"
"971","hxb2.460.P.1mer","pngs"
"972","hxb2.460.Q.1mer","pngs"
"973","hxb2.460.R.1mer","pngs"
"974","hxb2.460.S.1mer","pngs"
"975","hxb2.460.T.1mer","pngs"
"976","hxb2.460.V.1mer","pngs"
"977","hxb2.460.gap.1mer","pngs"
"978","hxb2.462.A.1mer","pngs"
"979","hxb2.462.D.1mer","pngs"
"980","hxb2.462.E.1mer","pngs"
"981","hxb2.462.G.1mer","pngs"
"982","hxb2.462.I.1mer","pngs"
"983","hxb2.462.K.1mer","pngs"
"984","hxb2.462.N.1mer","pngs"
"985","hxb2.462.P.1mer","pngs"
"986","hxb2.462.Q.1mer","pngs"
"987","hxb2.462.R.1mer","pngs"
"988","hxb2.462.S.1mer","pngs"
"989","hxb2.462.T.1mer","pngs"
"990","hxb2.462.X.1mer","pngs"
"991","hxb2.462.gap.1mer","pngs"
"992","hxb2.130.sequon_actual.1mer","pngs"
"993","hxb2.139.sequon_actual.1mer","pngs"
"994","hxb2.143.sequon_actual.1mer","pngs"
"995","hxb2.156.sequon_actual.1mer","pngs"
"996","hxb2.187.sequon_actual.1mer","pngs"
"997","hxb2.197.sequon_actual.1mer","pngs"
"998","hxb2.241.sequon_actual.1mer","pngs"
"999","hxb2.289.sequon_actual.1mer","pngs"
"1000","hxb2.339.sequon_actual.1mer","pngs"
"1001","hxb2.355.sequon_actual.1mer","pngs"
"1002","hxb2.363.sequon_actual.1mer","pngs"
"1003","hxb2.406.sequon_actual.1mer","pngs"
"1004","hxb2.408.sequon_actual.1mer","pngs"
"1005","hxb2.410.sequon_actual.1mer","pngs"
"1006","hxb2.442.sequon_actual.1mer","pngs"
"1007","hxb2.448.sequon_actual.1mer","pngs"
"1008","hxb2.460.sequon_actual.1mer","pngs"
"1009","hxb2.462.sequon_actual.1mer","pngs"
"1010","hxb2.544.L.1mer","gp41"
"1011","hxb2.544.V.1mer","gp41"
"1012","hxb2.569.S.1mer","gp41"
"1013","hxb2.569.T.1mer","gp41"
"1014","hxb2.569.X.1mer","gp41"
"1015","hxb2.589.D.1mer","gp41"
"1016","hxb2.589.N.1mer","gp41"
"1017","hxb2.655.E.1mer","gp41"
"1018","hxb2.655.I.1mer","gp41"
"1019","hxb2.655.K.1mer","gp41"
"1020","hxb2.655.N.1mer","gp41"
"1021","hxb2.655.Q.1mer","gp41"
"1022","hxb2.655.R.1mer","gp41"
"1023","hxb2.655.S.1mer","gp41"
"1024","hxb2.655.T.1mer","gp41"
"1025","hxb2.668.D.1mer","gp41"
"1026","hxb2.668.G.1mer","gp41"
"1027","hxb2.668.N.1mer","gp41"
"1028","hxb2.668.S.1mer","gp41"
"1029","hxb2.668.T.1mer","gp41"
"1030","hxb2.675.I.1mer","gp41"
"1031","hxb2.675.L.1mer","gp41"
"1032","hxb2.677.H.1mer","gp41"
"1033","hxb2.677.K.1mer","gp41"
"1034","hxb2.677.N.1mer","gp41"
"1035","hxb2.677.Q.1mer","gp41"
"1036","hxb2.677.R.1mer","gp41"
"1037","hxb2.677.S.1mer","gp41"
"1038","hxb2.680.W.1mer","gp41"
"1039","hxb2.681.Y.1mer","gp41"
"1040","hxb2.683.K.1mer","gp41"
"1041","hxb2.683.Q.1mer","gp41"
"1042","hxb2.683.R.1mer","gp41"
"1043","hxb2.688.I.1mer","gp41"
"1044","hxb2.688.V.1mer","gp41"
"1045","hxb2.702.F.1mer","gp41"
"1046","hxb2.702.I.1mer","gp41"
"1047","hxb2.702.L.1mer","gp41"
"1048","hxb2.702.V.1mer","gp41"
"1049","hxb2.29.sequon_actual.1mer","pngs_novrc01"
"1050","hxb2.49.sequon_actual.1mer","pngs_novrc01"
"1051","hxb2.59.sequon_actual.1mer","pngs_novrc01"
"1052","hxb2.88.sequon_actual.1mer","pngs_novrc01"
"1053","hxb2.133.sequon_actual.1mer","pngs_novrc01"
"1054","hxb2.134.sequon_actual.1mer","pngs_novrc01"
"1055","hxb2.135.sequon_actual.1mer","pngs_novrc01"
"1056","hxb2.136.sequon_actual.1mer","pngs_novrc01"
"1057","hxb2.137.sequon_actual.1mer","pngs_novrc01"
"1058","hxb2.140.sequon_actual.1mer","pngs_novrc01"
"1059","hxb2.141.sequon_actual.1mer","pngs_novrc01"
"1060","hxb2.142.sequon_actual.1mer","pngs_novrc01"
"1061","hxb2.145.sequon_actual.1mer","pngs_novrc01"
"1062","hxb2.146.sequon_actual.1mer","pngs_novrc01"
"1063","hxb2.147.sequon_actual.1mer","pngs_novrc01"
"1064","hxb2.148.sequon_actual.1mer","pngs_novrc01"
"1065","hxb2.149.sequon_actual.1mer","pngs_novrc01"
"1066","hxb2.160.sequon_actual.1mer","pngs_novrc01"
"1067","hxb2.171.sequon_actual.1mer","pngs_novrc01"
"1068","hxb2.185.sequon_actual.1mer","pngs_novrc01"
"1069","hxb2.188.sequon_actual.1mer","pngs_novrc01"
"1070","hxb2.229.sequon_actual.1mer","pngs_novrc01"
"1071","hxb2.230.sequon_actual.1mer","pngs_novrc01"
"1072","hxb2.232.sequon_actual.1mer","pngs_novrc01"
"1073","hxb2.234.sequon_actual.1mer","pngs_novrc01"
"1074","hxb2.268.sequon_actual.1mer","pngs_novrc01"
"1075","hxb2.293.sequon_actual.1mer","pngs_novrc01"
"1076","hxb2.295.sequon_actual.1mer","pngs_novrc01"
"1077","hxb2.301.sequon_actual.1mer","pngs_novrc01"
"1078","hxb2.302.sequon_actual.1mer","pngs_novrc01"
"1079","hxb2.324.sequon_actual.1mer","pngs_novrc01"
"1080","hxb2.332.sequon_actual.1mer","pngs_novrc01"
"1081","hxb2.334.sequon_actual.1mer","pngs_novrc01"
"1082","hxb2.337.sequon_actual.1mer","pngs_novrc01"
"1083","hxb2.343.sequon_actual.1mer","pngs_novrc01"
"1084","hxb2.344.sequon_actual.1mer","pngs_novrc01"
"1085","hxb2.350.sequon_actual.1mer","pngs_novrc01"
"1086","hxb2.356.sequon_actual.1mer","pngs_novrc01"
"1087","hxb2.358.sequon_actual.1mer","pngs_novrc01"
"1088","hxb2.360.sequon_actual.1mer","pngs_novrc01"
"1089","hxb2.393.sequon_actual.1mer","pngs_novrc01"
"1090","hxb2.395.sequon_actual.1mer","pngs_novrc01"
"1091","hxb2.398.sequon_actual.1mer","pngs_novrc01"
"1092","hxb2.399.sequon_actual.1mer","pngs_novrc01"
"1093","hxb2.400.sequon_actual.1mer","pngs_novrc01"
"1094","hxb2.401.sequon_actual.1mer","pngs_novrc01"
"1095","hxb2.402.sequon_actual.1mer","pngs_novrc01"
"1096","hxb2.403.sequon_actual.1mer","pngs_novrc01"
"1097","hxb2.404.sequon_actual.1mer","pngs_novrc01"
"1098","hxb2.405.sequon_actual.1mer","pngs_novrc01"
"1099","hxb2.407.sequon_actual.1mer","pngs_novrc01"
"1100","hxb2.409.sequon_actual.1mer","pngs_novrc01"
"1101","hxb2.411.sequon_actual.1mer","pngs_novrc01"
"1102","hxb2.412.sequon_actual.1mer","pngs_novrc01"
"1103","hxb2.413.sequon_actual.1mer","pngs_novrc01"
"1104","hxb2.444.sequon_actual.1mer","pngs_novrc01"
"1105","hxb2.446.sequon_actual.1mer","pngs_novrc01"
"1106","hxb2.611.sequon_actual.1mer","pngs_novrc01"
"1107","hxb2.616.sequon_actual.1mer","pngs_novrc01"
"1108","hxb2.618.sequon_actual.1mer","pngs_novrc01"
"1109","hxb2.619.sequon_actual.1mer","pngs_novrc01"
"1110","hxb2.624.sequon_actual.1mer","pngs_novrc01"
"1111","hxb2.625.sequon_actual.1mer","pngs_novrc01"
"1112","hxb2.637.sequon_actual.1mer","pngs_novrc01"
"1113","hxb2.674.sequon_actual.1mer","pngs_novrc01"
"1114","hxb2.743.sequon_actual.1mer","pngs_novrc01"
"1115","hxb2.750.sequon_actual.1mer","pngs_novrc01"
"1116","hxb2.787.sequon_actual.1mer","pngs_novrc01"
"1117","hxb2.816.sequon_actual.1mer","pngs_novrc01"
"1118","hxb2.824.sequon_actual.1mer","pngs_novrc01"
"1119","subtype.is.01_AE","subtype"
"1120","subtype.is.02_AG","subtype"
"1121","subtype.is.07_BC","subtype"
"1122","subtype.is.A1","subtype"
"1123","subtype.is.A1C","subtype"
"1124","subtype.is.A1D","subtype"
"1125","subtype.is.B","subtype"
"1126","subtype.is.C","subtype"
"1127","subtype.is.D","subtype"
"1128","subtype.is.O","subtype"
"1129","subtype.is.Other","subtype"
"1130","sequons.total.env","sequons"
"1131","sequons.total.gp120","sequons"
"1132","sequons.total.v5","sequons"
"1133","sequons.total.loop.d","sequons"
"1134","sequons.total.loop.e","sequons"
"1135","sequons.total.vrc01","sequons"
"1136","sequons.total.cd4","sequons"
"1137","sequons.total.sj.fence","sequons"
"1138","sequons.total.sj.trimer","sequons"
"1139","length.env","geometry"
"1140","length.gp120","geometry"
"1141","length.v5","geometry"
"1142","length.v5.outliers","geometry"
"1143","length.loop.e","geometry"
"1144","length.loop.e.outliers","geometry"
"1145","cysteines.total.env","cysteines"
"1146","cysteines.total.gp120","cysteines"
"1147","cysteines.total.v5","cysteines"
"1148","cysteines.total.vrc01","cysteines"
"1149","taylor.small.total.v5","steric_bulk"
"1150","taylor.small.total.loop.d","steric_bulk"
"1151","taylor.small.total.cd4","steric_bulk"
"1152","geographic.region.of.origin.is.Asia","geog"
"1153","geographic.region.of.origin.is.Europe.Americas","geog"
"1154","geographic.region.of.origin.is.N.Africa","geog"
"1155","geographic.region.of.origin.is.S.Africa","geog"
